Identifier,Protein_ID,Peptide_Seq,Total_Sites,PTM_Loc,PTM_Score
Pep100,Q8WWM7,tLSsPSNRPSGETSVPPPPAVGR,1,S3;S4,48.97;48.97
Pep1009,O43237,gGPASVPSSsPGTSVk,1,S10,90.83
Pep1073,Q96A65,dASVPLIDVTNLPtPR,1,T14,99.82
Pep1078,A0A0A0MT60,sNSLSEQLAINTsPDAVk,1,S13,93.05
Pep1459,P22314,vSGPDPkPGSNcsPAQSVLSEVPSVPTNGmAk,1,S13,85.73
Pep1460,Q96TC7,sQsLPNSLDYTQTSDPGR,1,S3,99.21
Pep1461,Q93074,gDLAFGAPGPRPPsPFDDPADDPEHk,1,S14,100
Pep1478,Q8ND04,qAsTVEYLPGMLHSNcPk,1,S3;T4,46.6;46.6
Pep1492,Q12874,wQPDtEEEYEDSSGNVVNkk,1,Y9,99.01
Pep165,B1AKJ5,rGsLSNAGDPEIVk,1,S3,99.56
Pep1690,Q9Y2W1,sPLQSVVVR,1,S1,100
Pep171,Q9UK58,gLNPDGTPALSTLGGFSPASkPSsPR,1,S23;S24,48.94;48.94
Pep1717,Q9BVC5,sPPLSPVGTTPVk,1,S1,95.04
Pep1721,Q01543,sPPLGGAQTISk,1,S1,100
Pep1778,A0A0A0MR39,aEVPGAtGGDSPHLQPAEPPGEPR,1,S11,99.49
Pep1785,Q9UK58,sPISINVk,1,S1,99.99
Pep1800,Q9Y6G9,kPVTVSPTtPtSPTEGEAS,2,T9;S12,89.4;89.5
Pep1801,Q9UI26,nFEDSsPETLEAHk,1,S5;S6,49.75;49.75
Pep1802,O43741,dLSSsPPGPYGQEMYAFR,1,S5,90.64
Pep1806,A0A087WUT6,eLEELsLEAQGIk,1,S6,100
Pep1809,D3DQV9,tQTPPLGQTPQLGLk,1,T3,93.55
Pep1811,Q7Z7A1,lQNVLDLTGsDNk,1,S10,100
Pep1812,P41229,vQGLLENGDSVTsPEk,1,S13,92.92
Pep1813,Q92538,tPGHPPPPEIPSELGAcDFEkPEsPR,1,S24,100
Pep1814,H0YN33,dkIELDSSsPASk,1,S9,93.3
Pep1815,Q9Y2L9,eNSPAVsPTTNSTAPFGLkPR,1,S7,88.31
Pep1817,P37275,mQAGQISVQSSEPSsPEPGk,1,S15,98.62
Pep1818,P52732,lDIPTGTtPQRk,1,T8,95.14
Pep1819,P37275,qPTQPPPLPAAEAEkPESSVSSATGDGNLsPSQPPLk,1,S30,84.88
Pep1821,Q9H814,sLNFQEDDDTSRETFASDTNEALASLDEsQEGHAEAk,1,S29,99.96
Pep1822,Q9UBW7,qPGVDSLsPVASLPk,1,S8,98.62
Pep1825,P78364,gQEDSSRGsDNSSYDEALSPTSPGPLSVR,1,S9,98.81
Pep1828,P20700,lENARLsSEMNTSTVNSAR,1,S7,96.47
Pep1836,Q9BYW2,mEIGDTLSTAEEsSPPk,1,S14,99.98
Pep1838,Q15366,qIcVVmLETLSQsPPk,1,S13,94.08
Pep1848,P60228,lGHVVMGNNAVsPYQQVIEk,1,S12,99.94
Pep1849,Q12905,vkPAPDEtSFSEALLk,1,S9,98.82
Pep1850,Q9H7Z6,lESTVGsPEkPLSDLGk,1,S7,99.5
Pep1868,Q15361,dIFYYEDDsEGEDIEk,1,S9,100
Pep1870,Q16576,iGEEQsAEDAEDGPPELLFIHGGHTAk,1,S6,100
Pep1883,G3XAH0,fGIHVYQFPEcDsDEDEDFk,1,S13,100
Pep1884,D6REX3,dSDQVAQsDGEESPAAEEQLLGEHIkEEk,1,S8,99.93
Pep1899,Q96RY5,gsPAGPPPSQGQPAARPPk,1,S2,100
Pep197,C9JFV4,gsPDGSLQTGkPSAPk,1,S2;S6,50;50
Pep198,Q15036,vTSSVPLPSGSTSsPGR,1,S14,77.15
Pep205,Q5VWQ8,qQSSSSkGDsPELkPR,1,S10,99.57
Pep208,Q9BZZ5,aSEDTTSGsPPkk,1,S9,99.64
Pep209,Q66K64,sSGsPEPSPAIAk,1,S4,98.34
Pep210,Q9Y5K6,fNGGHsPTHsPEk,2,S6;S10,99.99;91.77
Pep2225,Q6IAA8,lLLDPSsPPTk,1,S7,86.82
Pep2226,P21359,rQEMESGITtPPk,1,T10,90.99
Pep2233,Q7Z434,gPVsPSVSFQPLAR,1,S4,100
Pep2234,O00429,skPIPIMPAsPQk,1,S10,100
Pep2236,P42331,dIPLsPPAQk,1,S5,100
Pep2239,P12956,tFNTSTGGLLLPSDTk,1,T1;T4;S5;T6,25;25;25;25
Pep2248,Q9NX40,kLENsPLGEALR,1,S5,100
Pep2249,E7EVA0,sAGIARPEEGRPVVSGTGNDITtPPNk,1,T22;T23,46.26;46.26
Pep2256,Q9NXG2,fTDkDQQPSGsEGEDDDAEAALkk,1,S11,88.73
Pep2260,Q9NXG2,fTDkDQQPsGSEGEDDDAEAALkk,1,S9;S11,50;50
Pep2271,Q9NPI6,aSSPsPLTIGTPESQR,1,S5,87.76
Pep2274,P14868,vRDLtIQk,1,T5,100
Pep2320,P25205,kRSEDEsETEDEEEk,1,S7,88.95
Pep2343,Q96N66,aGGGPTLQcPPPSsPEk,1,S14,89.42
Pep2344,Q5JSH3,yNTEGRVsPSPSQESLSSSk,1,S8,99.99
Pep2348,P31689,vNFPENGFLsPDk,1,S10,100
Pep2349,Q9UHB7,dLLPsPAGPVPSk,1,S5,100
Pep2350,Q9UKK3,nYDPYkPLDItPPPDQk,1,T11,99.97
Pep2351,Q15645,qALPcVAESPtVHVEVHQR,1,T11,93.21
Pep2354,Q9H3H1,lDSDAVNTIESQSVsPDHNk,1,S15,99.47
Pep2355,P60174,vTNGAFTGEIsPGmIk,1,S11,100
Pep2356,Q9H8Y8,aDAASSLTVDVtPPTAk,1,T12,99.99
Pep2358,Q9P2K8,tAAILHGGsPDFVGNGk,1,S9,99.82
Pep2359,O43156,rWNSDDLNAsPk,1,S10,100
Pep2361,Q9Y5B9,yTEGVQSLNWtk,1,T11,100
Pep2365,Q5H9R7,fADQDDIGNVsFDR,1,S11,100
Pep2366,Q15365,vmTIPYQPmPASsPVIcAGGQDR,1,S13,90.63
Pep2368,P22234,eVtPEGLQMVk,1,T3,100
Pep2369,P12270,eGVQGPLNVsLSEEGk,1,S10,88.23
Pep2370,Q8ND82,gTNTSsPYDAGADYLR,1,S6,88.34
Pep2372,A0A024R571,dkPTYDEIFYTLsPVNGk,1,S13,99.99
Pep2376,Q53EZ4,sPTAALNEsLVEcPk,2,S1;S9,99.97;100
Pep2382,Q9UIG0,sLSGsPLk,1,S5,93.09
Pep2413,Q9Y6X4,rPMsGEYGPASVPEYEAR,1,S4,88.87
Pep2415,Q9H000,tQPSmVSNPGScSDPQPsPEMkPHSYLDAIR,1,S18,99.94
Pep2417,Q96S94,aDsPVNGLPk,1,S3,100
Pep2418,Q96S94,akADsPVNGLPk,1,S5,100
Pep2420,Q96S94,lVEsPkEGk,1,S4,100
Pep2422,Q9Y6K1,rSEPQPEEGsPAGGQk,1,S10,100
Pep2424,P40222,rPEGPGAQAPSsPR,1,S11;S12,50;50
Pep2432,Q8NI27,iDTHPsPSHSSTVk,1,S6;S8,49.79;49.79
Pep2436,P40222,rPEGPGAQAPsSPR,1,S11,95.16
Pep2447,P78364,kADSEEERDDVsTLGSMLPAk,1,S4,99.82
Pep2449,Q9UBS8,lTYHGVsPck,1,S7,100
Pep2450,O95747,tAQALSSGSGsQETk,1,S11,92.96
Pep2452,Q9Y5B0,eNsPAAFPDREGVPPTALFHPmPVLPk,1,S3,98.48
Pep2454,B7Z7F3,vLsPPkLNEVSSDANR,1,S3,100
Pep2455,O43149,eSPGDLTRsPEMDk,1,S9,91.63
Pep2456,E9PAV3,vQGEAVSNIQENTQTPTVQEESEEEEVDEtGVEVk,1,S22,99.71
Pep2457,Q14258,aSAPsPNAQVAcDHcLk,1,S5,99.99
Pep2458,C9JFV4,gsPDGSLQTGkPSAPk,1,S2,99.98
Pep2459,P26368,eEHGGLIRsPR,1,S9,100
Pep2460,Q9Y2K6,fSEQDsPPPSHPLk,1,S6,100
Pep2463,O95613,cPEPPSGsPPEGPEIQLEVTQR,1,S8,91.99
Pep2464,Q7RTP6,eRRPDsPTRPTLR,1,S6;T8,49.66;49.66
Pep2465,J3KPC5,aAGISLIVPGksPTR,1,S12,91
Pep2466,Q9C0C9,nmTVEQLLTGSPTSPTVEPEkPtR,1,S11,97.13
Pep2467,Q96AC1,akDQNEsLDEEMFYk,1,S7,100
Pep262,Q9C0C9,iMScsPDTQcSR,1,S5,99.99
Pep276,Q9NXC5,gFSQYGVSGsPTk,1,S10,93.64
Pep2814,O60341,qATPGVPAQQsPSm,1,S11,94.06
Pep2817,Q14676,ssVkTPESIVPIAPELQPSTSR,1,T5,97.93
Pep2819,Q8TC07,nDsPTQIPVSSDVcR,1,S3,100
Pep2821,Q9UNS1,aGLAsPEEEDAVGkEPLk,1,S5,100
Pep2822,P20340,vAAALPGMESTQDRsREDMIDIk,1,S15,80.98
Pep2825,H3BQK9,qktPEGLQESANVk,1,T3,100
Pep2828,Q9P2M7,qPAQSQNLsPLSGFSR,1,S9,99.4
Pep2829,P98171,cLVPAsPEQHVEVDk,1,S6,100
Pep2830,Q7Z4H7,aVLSDsPQLSEGk,1,S6,95.04
Pep2835,Q96II8,iSHEGsPVkPVAIR,1,S6,100
Pep2840,Q13303,qTGsPGmIYSTR,1,S4,93.51
Pep2842,Q96H79,mLENTDNSsPSTEHSQGLEk,1,S9;S11,47.69;47.69
Pep2855,Q6FI81,ssPSVkPAVDPAAAk,1,S2,89.47
Pep2858,P49792,sIsSPSVSSETMDkPVDLSTR,1,S4,67.51
Pep2860,Q2NKX8,gTGSADsIATLPk,1,S7,91.94
Pep2861,Q9BPX3,gDFsYIGNLmTk,1,S4;Y5,50;50
Pep2867,Q8IWZ8,dVDAsPsPLSVQDLk,2,S5;S7,100;100
Pep2872,Q9H4E7,wGSQGNRtPSPNsNEQQk,2,T8;S10,99.86;99.98
Pep298,Q9Y4E6,aRGSPPTSsNIVQGQIk,1,S8;S9,44.45;44.45
Pep305,Q14694,ysPPAISPLVSEk,1,S2,93.8
Pep306,Q9NRG9,fsPVLGR,1,S2,100
Pep315,A0A0G2JK23,lQEDPNYsPQRFPNAQR,1,S8,89.93
Pep3215,P43007,sEEETSPLVTHQNPAGPVAsAPELESk,1,S20,99.98
Pep3218,Q9BRJ6,gEAVLRPGLDAEPELsPEEQR,1,S16,100
Pep3219,O43379,aGTGyASPDRTHVLAAGk,1,Y5;S7,47.4;47.4
Pep3225,Q16555,gLYDGPVcEVSVtPk,1,T13,100
Pep3230,O94915,tYGGDTGSPEISFTk,1,S8,99.76
Pep3231,Q15365,vmTIPYQPmPASsPVIcAGGQDR,1,S12;S13,50;50
Pep3233,O43379,aGTGYAsPDRTHVLAAGk,1,S7;T11,49.94;49.94
Pep3234,Q14676,sSVkTPESIVPIAPELQPSTSR,1,S1;S2;T5;S8,25;25;25;25
Pep3242,H0Y8X4,yFEADPPGQVAAsPDPTT,1,S13,99.99
Pep3252,Q01082,aQTLPTSVVTITSESsPGkR,1,S16,99.61
Pep3255,P22234,eVYELLDsPGk,1,S8,100
Pep3256,Q7Z4H7,kIPEFEVENsPLSDVAk,1,S10,98.36
Pep3321,O75909,aVVVsPkEENk,1,S5,100
Pep333,P51858,aGDLLEDsPk,1,S8,100
Pep3335,Q9UK58,qQASksPYNGVR,1,S4;S6,47.58;47.58
Pep337,P35612,tESVTSGPmSPEGSPskSPSk,1,S16;S18,47.37;47.37
Pep341,Q9Y6Y8,vVEsPDFSkDEDYLGk,1,S4,100
Pep342,J9JIE6,qAGGFLGPPPPSGkFs,1,S16,100
Pep343,Q8WXH0,aQQLLGQREsPGELISk,1,S10,100
Pep3446,P14921,gkLGGQDsFESIESYDScDR,1,S8,99.99
Pep3447,Q5T5Y3,aDVVPQQADPEFPRAsPR,1,S16,100
Pep3462,Q15758,sTEPELIQVk,1,S1,92.58
Pep3465,Q6PJG6,gsPNTASAEATLPR,1,S2,99.82
Pep3482,O00148,ncPHVVVGtPGR,1,T9,100
Pep3486,Q5JSH3,yNTEGRVsPsPSQESLSSSk,2,S8;S12,100;99.9
Pep3499,Q05086,iGDSsQGDNNLQk,1,S5,93.87
Pep3502,Q9HCG8,rNsFSENEk,1,S3,99.97
Pep3503,Q9UHB7,nSYNNSQAPsPGLGSk,1,S10,100
Pep3504,Q53EZ4,sPTAALNEsLVEcPk,1,S9,91.59
Pep3505,Q6IBW4,esRSPQQSAALPR,1,S4,99.41
Pep3508,O14578,sESVVSGLDsPAk,1,S10,100
Pep3512,Q7Z4H7,nQIPRtPENLITEIR,1,T6,99.99
Pep3514,Q92890,gVEPSPsPIkPGDIk,1,S7,99.21
Pep3515,Q92833,lEEAHQAEkPQsPPk,1,S12,100
Pep3516,Q14676,sLATmDsPPHQk,1,S7,100
Pep3519,Q15149,aQLEPVAsPAk,1,S8,100
Pep3520,Q96MG7,aRPQPSGPAPsS,1,S12,95.78
Pep3521,Q68D10,gPGRPVsSPHELR,1,S8,99.59
Pep3524,Q86TI0,aNHLGDSGGtPVk,1,T10,100
Pep37,V9GYM8,sSLSLAk,1,S1,93.89
Pep3750,O00303,tcFsPNRVIGLSSDLQQVGGASAR,1,S4,86.38
Pep379,Q9BWH6,dkLEPEAPALALPVtPQk,1,T15,100
Pep382,Q99733,lDNVPHtPSSYIETLPk,1,T7,99.17
Pep3849,Q9BW71,rLLGDsDSEEEQk,1,S6,99.97
Pep390,Q7Z2T5,sNEMITNLGk,1,S1,100
Pep3905,Q14694,lLsPSNEk,1,S3,99.66
Pep391,Q15061,rksGGNEVSIEER,1,S3,98.88
Pep3911,A0A087WUT6,iEPIPGEsPk,1,S8,100
Pep392,P83876,gLVVsPk,1,S5,100
Pep3930,P37275,tSQcSSPSLSASPGsPTRPQIR,1,T17,99.87
Pep394,Q13595,rAHtPTPGIYMGRPTHsGGGGGGGGGGGGGGGGR,2,T4;S17,97.55;99.57
Pep3965,Q9P2K3,sASNVPSGkStDEEEEAQTPQAPR,1,T11,91.16
Pep3980,Q9NPQ8,gLmAGGRPEGQYsEDEDTDTDEYk,1,S13,98.12
Pep4014,Q7Z5K2,rPEsPSEISPIk,1,S4,99.6
Pep4051,Q709C8,tTNSsLEEImDk,1,S4;S5,49.77;49.77
Pep4091,Q9UKI8,iSDYFEYQGGNGSsPVR,1,S14,85.13
Pep4139,Q6IN85,tNLSGRQsPSFk,1,S8,91.07
Pep4170,Q8IWV7,mEISAELPQtPQR,1,T10,100
Pep4191,J3KN66,lQQQHSEQPPLQPsPVMTR,1,S14,87.77
Pep4194,P04406,gALQNIIPAStGAAk,1,S10;T11,50;50
Pep4201,Q86U42,qmNMsPPPGNAGPVIMSIEEk,1,S5,100
Pep4222,Q96BY6,dLYPFTVNtSNQGSRDDLSTNGGFQSQTAIk,1,T9,69.29
Pep4284,B1PBA3,aSIQEcILPDsPLYHNk,1,S11,99.61
Pep4352,Q13428,tQPSSGVDSAVGtLPATSPQSTSVQAk,1,T17;S18,49.93;49.93
Pep4422,Q96BY6,aSLAsLDSNPSTNEk,1,S5,91.6
Pep4606,Q86Y91,lQVYEGGGQPPPQDLPGsPk,1,S18,100
Pep4620,Q9UHI6,yQEsPGIQmk,1,S4,100
Pep4636,A0A0A0MTS2,nRsNTPILVDGk,1,S3,93.9
Pep475,P43403,kPcNRPsGLEPQPGVFDcLR,1,S7,100
Pep4847,E9PGC8,vPSAPGQEsPIPDPk,1,S9,100
Pep5019,J3KN66,dSHssEEDEASSQTDLSQTISk,2,S4;S5,99;99
Pep5079,Q16643,mAPTPIPTRsPsDSSTASTPVAEQIER,2,S10;S12,85.98;99.96
Pep54,Q9Y385,rLsTsPDVIQGHQPR,2,S3;T4,99.57;93.9
Pep546,G3V5T9,tyTHEVVTLWYR,1,T1;Y2;T3,33.33;33.33;33.33
Pep547,P06400,tAVIPINGsPR,1,S9,100
Pep55,Q9Y385,rLsTsPDVIQGHQPR,2,S3;T4;S5,51.63;51.63;96.74
Pep550,A0A087WUT6,vEMySGSDDDDDFNk,1,S5,92.68
Pep556,Q6IE81,gVQVPVsPGTIPQPVAR,1,S7,88.76
Pep559,P05388,vEAkEEsEESDEDmGFGLFD,1,S7,92.33
Pep560,P05388,vEAkEESEEsDEDmGFGLFD,1,S10,97.21
Pep564,P35579,gAGDGsDEEVDGk,1,S6,100
Pep574,Q5JSH3,eLSDQATAsPIVAR,1,S9,98.03
Pep576,P02751,tNTNVNcPIEcFMPLDVQADREDsRE,1,S24,100
Pep59,P52292,aSLsLIEk,1,S4,92.32
Pep60,Q9BTE7,sPGVAAAVAEDGGLk,1,S1,100
Pep602,Q9NZL4,lLQTcFSSPADDsMDR,1,S13,99.99
Pep61,Q9BTE7,sPGVAAAVAEDGGLkk,1,S1,100
Pep62,O95613,rHsQALEALQQR,1,S3,100
Pep642,Q9UBS8,hFNDPGsPcFNR,1,S7,100
Pep65,A0A0A0MRR7,fYcDYcDTYLTHDsPSVRk,1,S14,99.9
Pep7,P21333,aFGPGLQGGSAGsPAR,1,S13,100
Pep716,Q14692,aGLsPANcQSDR,1,S4,100
Pep773,O60244,aGNWPGsPQVsGPSPAAR,2,S7;S14,100;99.27
Pep780,Q5T1Z8,qHGEQLGGGGsGGGGYNNSk,1,S11,100
Pep79,Q8WWQ0,vEVNTNsGEIIHk,1,S7,99.83
Pep81,Q9BZF1,hRtPMVSVPk,1,T3,100
Pep92,P43403,eAQIMHQLDNPyIVR,1,Y12,100
Pep923,P14921,vPsYDSFDSEDYPAALPNHkPk,1,S3,83.25
Pep924,P14921,vPsYDSFDSEDYPAALPNHkPk,1,S3;Y4;S6,33.33;33.33;33.33
Pep925,P14921,vPsYDSFDSEDYPAALPNHkPk,1,S3;Y4,49.7;49.7
Pep93,O60763,tTDVEGRLsALLQETk,1,S9,87.83
Pep930,Q96SN8,tLLNAQPPVGAAYQDsPGEQk,1,S16,100
Pep933,P14921,vPsYDsFDSEDYPAALPNHkPk,2,S3;Y4;S6,66.58;66.58;66.58
Pep939,O00767,ekGsTLDLSDLEAEk,1,S4,92.44
Pep943,Q9Y6G9,sVSSNVASVsPIPAGSk,1,S10,100